temperature,humidity,rainfall,wind_speed,vegetation_dryness,risk_score
10.4,68.8,40.1,20.5,0.56,11.8
17.7,67.6,0.4,39.1,0.77,54.3
44.7,27.6,24.1,23.2,0.91,43.4
17.9,23.1,3.1,45.0,0.06,46.2
42.9,13.0,24.3,39.5,0.43,35.6
40.9,16.3,32.6,22.9,0.49,19.5
38.4,21.9,1.7,40.3,0.67,75.3
42.2,80.1,37.8,1.7,0.66,10.9
41.2,27.2,4.4,4.7,0.16,51.7
14.8,33.4,8.1,59.4,0.74,57.3
44.1,17.2,11.4,50.1,0.37,60.4
33.4,63.2,26.2,41.5,0.82,32.6
13.0,27.4,28.0,17.8,0.63,18.3
23.2,85.9,17.8,56.7,0.04,29.0
32.1,55.2,22.7,13.4,0.57,26.6
28.8,48.9,1.9,37.2,0.23,52.8
14.4,69.0,2.1,44.9,0.65,48.7
12.7,43.6,19.5,15.6,0.82,28.6
44.3,81.1,41.8,14.8,0.75,7.6
32.2,18.4,47.6,30.3,0.12,3.8
27.6,72.3,7.6,9.7,0.57,34.4
32.0,61.0,36.6,30.5,0.43,18.6
17.1,51.1,31.5,35.6,0.09,13.9
33.0,71.0,42.0,13.1,0.84,7.3
11.3,86.6,33.0,0.5,0.32,8.3
36.6,20.2,25.0,33.3,1.0,44.5
21.6,51.0,22.3,51.4,0.32,32.8
10.2,54.3,34.6,13.5,0.18,3.3
34.2,81.2,6.9,10.2,0.93,49.2
24.6,14.8,38.9,19.4,0.24,13.3
35.7,67.2,10.5,42.0,0.33,46.2
33.8,40.7,28.8,4.9,0.19,19.9
23.1,24.8,1.8,22.7,0.67,59.6
28.1,31.8,9.9,32.3,0.53,51.8
30.3,81.7,12.8,56.2,0.71,42.9
23.3,74.3,8.5,59.0,0.16,38.2
37.1,12.9,28.9,20.2,0.01,25.6
13.5,40.8,26.2,40.8,0.03,18.9
23.5,53.2,11.1,39.8,0.74,46.9
12.9,84.7,17.5,28.3,0.13,18.5
25.8,67.1,46.2,15.1,0.11,7.9
26.7,84.4,11.3,10.0,0.82,42.2
20.7,46.4,6.0,46.2,0.83,58.0
40.4,38.7,32.5,5.0,0.8,26.8
26.3,28.5,34.6,6.1,0.99,19.8
29.2,30.4,36.8,40.7,0.6,16.3
42.7,12.9,17.9,23.3,0.04,32.0
42.5,20.2,27.2,13.9,0.74,32.7
17.7,84.2,6.0,36.6,0.98,45.8
22.6,54.5,23.4,36.2,1.0,38.3
26.7,68.5,19.8,39.4,0.75,32.2
11.0,86.1,38.0,35.0,0.8,11.4
24.1,72.7,15.8,19.6,0.24,28.3
43.9,89.0,23.9,53.1,0.82,37.6
21.3,84.8,44.1,37.0,0.43,9.0
19.6,24.2,38.2,43.3,0.18,12.8
44.9,24.8,8.0,4.7,0.1,41.4
34.8,26.5,23.0,40.8,0.54,41.0
29.8,51.6,11.7,16.2,0.59,39.1
38.0,66.4,13.1,22.2,0.82,47.3
26.9,41.6,37.4,46.9,0.02,7.4
29.1,67.0,5.2,21.8,0.9,55.7
26.9,46.2,22.0,30.0,0.36,31.8
11.2,32.7,28.3,45.0,0.33,23.7
15.7,67.9,12.1,22.7,0.56,29.5
11.4,11.9,47.8,19.5,0.6,1.8
44.0,69.2,35.0,18.4,0.32,11.2
34.6,71.0,49.9,32.5,0.92,8.6
23.7,38.6,2.7,56.8,0.3,51.4
11.5,71.7,42.8,53.3,0.72,10.4
20.6,31.4,39.2,1.8,0.5,11.2
44.9,73.4,34.9,26.2,0.26,20.0
20.8,19.2,26.1,27.8,0.91,30.4
10.4,76.2,38.2,13.6,0.94,11.1
36.6,73.6,12.1,42.1,0.32,36.8
24.9,35.3,45.1,56.4,0.31,5.9
12.6,33.8,33.7,53.7,0.03,14.9
16.6,51.8,38.0,47.6,0.28,7.1
36.6,15.3,35.4,12.0,0.35,14.6
21.6,45.0,37.7,45.9,0.82,20.8
31.6,23.7,39.4,20.9,0.79,11.2
21.0,55.1,7.6,47.7,0.87,53.6
41.6,19.0,34.1,42.4,0.46,25.4
42.7,65.1,22.5,53.0,0.48,33.6
21.9,61.1,17.5,10.9,0.72,27.1
39.8,42.2,13.2,56.1,0.54,50.0
15.6,70.4,22.4,23.5,0.86,23.7
29.7,77.0,18.3,4.6,0.48,28.3
12.7,18.7,45.3,10.8,0.91,5.8
36.1,66.3,41.2,16.0,0.31,9.1
37.1,66.7,17.6,25.9,0.41,38.4
32.8,39.4,18.5,46.3,0.66,44.1
24.9,19.6,47.3,11.6,0.62,8.8
30.7,28.2,32.1,9.1,0.02,9.8
28.2,72.0,42.0,8.0,0.34,3.2
24.8,12.8,30.6,44.1,0.13,17.7
44.9,76.0,43.4,24.3,0.54,2.8
28.5,50.7,23.8,42.4,0.21,28.1
27.4,63.5,33.0,32.1,0.35,16.5
36.9,21.9,6.5,5.4,0.09,43.2
31.2,64.6,28.5,41.2,0.35,19.3
18.5,29.1,11.6,15.7,0.08,24.7
32.1,30.9,26.5,42.4,0.52,26.1
41.9,36.9,6.1,46.9,0.09,54.2
16.8,47.8,34.2,38.4,0.35,14.4
36.6,60.5,8.4,31.0,0.52,47.8
19.4,54.3,18.1,57.6,0.54,32.0
32.5,22.5,9.1,38.0,0.59,58.3
16.7,31.6,14.5,55.0,0.0,30.6
33.6,46.3,19.4,14.9,1.0,39.3
34.2,64.7,11.5,21.4,0.52,44.7
30.4,14.5,33.2,26.7,0.74,20.4
44.8,84.3,27.2,52.0,0.26,28.7
17.5,43.5,23.5,59.8,0.15,27.3
44.1,37.8,42.9,18.8,0.49,10.8
27.4,25.3,18.7,57.4,0.77,46.2
43.0,18.3,43.7,27.6,0.41,12.8
20.8,32.6,23.7,21.0,0.44,25.8
25.7,82.2,29.7,6.5,0.6,17.1
20.9,58.9,26.9,17.0,1.0,31.4
20.9,80.0,34.4,16.9,0.38,6.2
29.5,78.1,21.7,19.5,0.5,29.8
23.3,42.1,0.9,6.8,0.3,36.7
43.5,85.1,40.3,15.8,0.04,3.9
28.6,54.8,0.2,50.3,0.28,48.3
24.9,59.8,1.6,44.0,0.6,58.8
23.1,46.3,42.1,21.7,0.33,10.5
42.0,44.7,23.0,31.8,0.57,36.7
13.0,46.7,17.4,49.5,0.54,33.1
22.5,75.8,17.9,57.4,0.95,44.9
35.7,72.7,29.4,22.0,0.87,25.5
36.1,41.6,27.7,25.6,0.45,30.4
31.1,47.8,27.9,42.6,0.95,29.9
39.4,82.5,32.7,47.1,0.97,26.0
40.8,67.0,36.9,8.7,0.33,14.7
20.6,87.0,11.2,39.2,0.21,29.8
13.0,40.2,37.4,46.0,0.92,17.2
24.1,73.3,30.8,36.1,0.23,13.9
21.2,29.7,20.1,9.5,0.62,27.0
24.9,62.8,17.9,48.1,0.15,32.9
20.4,33.9,36.2,18.3,0.12,8.1
16.9,73.3,10.4,49.5,0.46,38.0
25.4,57.9,10.2,31.0,0.3,36.7
22.8,89.0,12.9,6.8,0.11,13.6
16.7,49.6,17.7,17.2,0.1,16.5
44.4,55.6,26.5,45.5,0.77,33.2
23.1,89.3,28.7,1.9,0.68,15.1
24.4,52.4,11.0,36.8,0.87,47.6
36.1,33.7,17.6,46.7,0.46,46.7
14.6,46.3,40.5,53.5,0.87,10.2
23.2,32.0,19.5,25.6,0.35,30.8
30.8,32.5,5.2,43.1,0.88,69.0
17.3,30.4,40.2,44.3,0.03,6.6
14.3,28.9,44.5,25.4,0.46,3.2
14.7,32.3,8.3,17.4,0.03,24.2
20.2,84.6,2.7,23.3,0.02,25.2
12.2,21.0,2.2,57.4,0.93,66.5
14.9,31.2,12.5,59.1,0.84,51.5
40.1,77.5,8.3,37.3,0.26,45.6
30.1,13.3,4.8,50.8,0.55,66.8
21.3,63.5,2.2,24.8,0.59,49.4
42.5,34.2,19.2,20.2,0.69,44.4
30.9,16.5,36.7,51.7,0.32,17.9
22.7,78.7,39.3,29.6,0.95,11.5
26.0,36.0,31.4,31.2,0.71,26.0
24.1,43.3,7.7,36.7,0.11,37.8
24.8,71.0,11.9,50.0,0.42,37.4
13.2,83.6,28.7,48.7,0.42,19.5
18.5,30.2,11.2,7.0,0.36,33.2
41.7,62.6,2.9,3.9,0.38,50.8
33.1,58.4,8.3,2.9,0.08,30.8
19.5,41.9,45.1,53.0,0.9,7.2
17.3,32.2,14.9,40.4,0.74,38.1
12.4,82.6,44.1,24.6,0.9,8.2
34.8,42.3,16.2,51.6,0.32,45.8
31.9,44.7,5.2,54.4,0.77,61.3
29.2,60.2,37.2,30.5,0.0,7.9
31.1,32.6,40.4,9.3,0.25,7.5
20.1,45.1,26.5,20.5,0.88,27.1
31.4,68.0,23.9,26.7,0.22,23.5
24.5,88.9,3.5,42.0,0.55,45.0
35.6,51.7,19.0,23.9,0.01,21.6
43.8,85.8,47.9,0.1,0.73,1.7
34.8,85.9,15.2,18.4,0.85,38.4
11.9,17.7,23.3,53.5,0.26,26.5
15.1,12.9,39.5,40.0,0.24,13.2
21.4,44.4,35.5,41.1,0.83,14.3
18.9,27.2,46.9,29.5,0.34,9.6
44.7,50.4,14.1,42.9,0.4,44.3
22.9,29.7,30.5,18.4,0.09,11.2
11.3,31.4,45.5,2.3,0.15,1.7
21.5,75.8,1.7,16.5,0.27,31.7
33.1,25.8,10.4,20.7,0.58,51.5
31.4,41.0,22.7,26.2,0.62,29.5
32.0,76.0,45.3,25.7,0.02,1.3
38.4,20.6,12.3,43.1,0.89,61.5
38.7,34.4,34.0,58.0,0.64,23.3
14.0,77.0,29.7,48.0,0.44,18.2
30.7,79.6,18.3,28.3,0.49,35.7
32.6,14.2,46.5,19.2,0.2,5.4
29.6,71.1,23.3,31.3,0.94,33.1
11.1,80.6,23.4,44.6,0.63,22.1
25.9,81.0,5.5,8.7,0.51,35.1
33.2,84.3,32.6,12.7,0.56,19.1
23.0,20.5,44.2,55.1,0.33,2.8
18.3,43.8,6.4,15.8,0.13,23.7
27.8,71.1,29.3,15.5,0.09,11.4
41.7,17.1,28.4,11.6,0.68,27.2
32.8,81.0,32.9,45.6,0.12,10.5
20.6,77.6,46.5,2.1,0.59,5.6
37.1,80.5,45.6,39.4,0.48,6.2
13.0,55.4,39.5,23.4,0.06,7.2
19.3,24.0,20.2,4.8,0.32,19.5
18.7,43.5,1.9,21.8,0.64,51.7
25.4,53.6,16.8,36.2,0.99,40.5
29.0,47.3,37.3,26.3,0.27,8.2
14.9,45.2,48.3,50.3,0.76,5.4
25.6,87.0,1.3,18.8,0.47,43.6
10.1,58.8,3.8,12.8,0.47,29.2
30.7,49.9,49.2,29.1,0.04,7.3
41.4,83.9,4.0,28.1,0.17,43.2
34.7,75.6,7.3,13.8,0.49,38.4
12.3,50.1,42.9,45.7,0.46,5.4
20.5,37.9,28.9,7.8,0.49,19.9
27.4,73.2,6.5,49.7,0.51,47.0
38.8,24.7,49.6,9.4,0.83,2.2
24.7,60.7,31.1,59.6,0.26,16.0
28.4,78.7,12.8,3.1,0.73,37.7
24.0,24.5,11.3,32.5,0.74,50.1
32.2,30.5,9.6,45.6,0.88,65.7
27.6,46.4,12.2,59.2,0.28,44.0
17.3,61.6,40.1,58.7,0.01,3.2
41.7,75.8,24.5,29.7,0.09,24.8
14.8,12.4,27.8,40.6,0.92,30.5
17.9,48.4,28.3,14.1,0.56,21.8
35.4,46.6,22.7,24.5,0.89,39.2
40.4,71.4,39.5,10.6,0.5,7.9
43.5,46.6,34.0,0.3,0.71,23.5
38.4,56.7,22.5,31.5,0.19,27.9
44.5,54.3,12.3,41.7,0.73,59.9
10.0,55.7,48.6,20.0,0.27,6.9
23.1,44.5,34.0,24.6,0.56,16.7
29.6,24.9,12.2,47.2,0.4,49.9
10.7,81.1,7.1,15.6,0.78,29.7
40.9,10.8,45.8,34.0,0.08,8.1
28.2,57.6,31.6,27.8,0.17,19.1
10.3,65.3,19.2,50.8,0.13,19.0
37.2,83.2,37.7,37.6,0.76,11.8
27.8,82.7,30.9,45.0,0.12,13.7
38.3,76.7,36.6,26.2,0.27,13.1
26.1,83.7,1.9,23.8,0.69,44.6
24.7,29.0,43.3,41.2,0.52,4.5
44.7,50.8,28.8,39.5,0.62,30.3
15.6,44.1,32.2,20.0,0.71,19.6
27.7,57.2,31.2,1.5,0.36,16.6
12.5,78.8,25.2,29.9,0.38,13.7
22.8,62.2,14.4,39.6,0.71,38.9
29.5,66.8,47.6,0.9,0.21,7.6
26.2,14.4,30.7,27.9,0.38,26.3
21.1,49.6,39.8,54.6,0.96,18.9
16.6,55.5,6.7,48.9,0.38,41.9
43.3,59.6,0.6,42.0,0.64,70.9
29.0,80.0,46.4,33.0,0.62,7.0
17.7,51.7,15.4,41.3,0.08,27.4
29.5,58.2,18.8,36.8,0.59,39.1
21.8,63.2,24.6,25.1,0.55,24.4
43.1,72.9,15.1,23.1,0.3,38.1
11.9,63.0,10.8,23.1,0.26,24.6
16.2,10.8,12.3,11.8,0.95,47.5
23.6,58.5,20.2,41.5,0.12,25.9
34.4,42.0,44.1,34.0,0.79,6.8
37.2,67.3,4.9,16.6,0.95,62.3
38.7,59.8,30.8,22.7,0.93,29.6
13.8,57.0,10.4,56.5,0.49,37.3
31.9,19.2,38.6,5.7,0.56,8.9
17.7,14.4,38.7,48.5,0.1,12.0
41.7,59.6,25.2,47.1,0.21,32.4
41.2,14.7,44.1,21.3,0.68,7.3
14.7,14.6,45.4,13.9,0.38,2.9
26.5,79.6,43.3,11.1,0.19,0.0
35.5,14.2,44.8,19.8,0.39,4.1
31.9,32.0,20.9,51.0,0.09,29.2
12.8,18.6,26.6,44.5,0.29,19.2
28.8,42.6,13.3,44.7,0.31,39.6
34.6,15.1,42.4,46.7,0.82,14.7
29.8,87.6,44.5,19.3,0.2,5.0
35.0,75.0,1.5,57.5,0.82,76.3
36.4,26.8,28.5,55.1,0.69,30.5
17.9,85.9,14.9,34.6,0.16,26.5
35.2,88.1,34.2,41.7,0.62,16.8
33.9,83.8,8.5,56.4,0.71,57.0
18.7,44.2,45.7,36.9,0.66,7.8
38.0,21.4,21.3,34.1,0.22,31.1
33.4,21.5,47.3,2.5,0.52,4.7
37.5,49.2,40.7,24.7,0.25,14.2
39.1,17.3,21.1,39.6,0.05,31.8
37.4,75.2,23.3,35.2,0.52,35.2
44.6,17.2,42.5,20.1,0.93,13.8
15.1,33.7,28.9,36.6,0.43,20.0
31.8,17.0,48.6,21.1,0.61,6.8
37.9,22.2,31.1,26.1,0.5,27.6
34.8,26.0,27.1,48.1,0.52,29.3
29.8,43.4,31.9,37.2,0.37,20.2
28.4,53.9,19.1,13.5,0.56,35.1
39.1,65.0,11.9,21.4,0.36,43.2
35.9,25.6,8.9,16.5,0.25,41.6
35.5,28.3,12.5,21.5,0.82,49.8
32.6,46.5,36.8,22.7,0.83,15.3
14.9,10.7,40.3,16.1,0.85,10.3
30.3,76.8,37.0,41.0,0.74,20.0
10.4,73.2,6.0,45.6,0.85,48.3
22.5,13.7,34.4,57.4,0.4,16.1
28.6,34.8,46.6,31.6,0.02,8.5
27.7,21.5,46.4,3.6,0.44,5.7
15.9,48.1,30.8,7.4,0.18,6.3
40.5,86.4,35.8,56.6,0.97,17.6
39.8,20.5,47.1,51.4,0.43,10.6
25.5,61.7,46.3,42.9,0.81,9.2
24.3,41.4,39.6,41.2,0.57,16.4
32.7,19.1,13.2,31.3,0.43,40.4
25.5,49.1,9.6,42.4,0.92,50.7
27.5,48.6,33.1,11.6,0.68,15.2
35.0,37.2,42.3,57.3,0.94,10.9
36.0,17.9,4.9,58.0,0.09,62.3
32.7,81.8,44.2,47.0,0.68,3.9
12.4,38.2,10.2,4.1,0.87,43.1
37.9,11.0,14.9,33.7,0.49,53.0
10.3,74.2,12.4,38.0,0.82,35.4
43.7,26.4,9.1,21.7,0.03,43.2
28.2,22.0,7.6,7.8,0.61,50.5
28.9,89.6,4.3,9.2,0.88,49.2
31.6,14.7,34.7,59.1,0.38,24.4
20.7,70.9,16.6,18.6,0.81,38.2
44.8,46.8,42.2,2.0,0.82,7.0
14.2,55.4,35.9,8.1,0.82,13.7
28.1,63.2,22.7,28.0,0.66,32.5
15.6,80.2,29.0,13.0,0.96,17.6
34.6,13.8,29.1,19.5,0.3,26.6
39.3,89.3,20.3,3.4,0.4,28.2
21.2,74.0,43.8,43.6,0.1,9.0
15.4,83.0,6.3,49.6,0.36,40.4
29.1,55.7,29.4,31.7,0.88,28.4
43.0,81.3,45.5,41.3,0.55,9.4
15.1,47.6,15.2,46.7,0.98,41.0
42.4,48.4,11.3,32.0,0.57,54.4
36.0,36.4,14.3,16.5,0.59,43.6
21.4,59.6,10.3,38.5,0.58,38.7
43.1,59.8,36.6,17.2,0.7,16.2
43.1,15.5,43.3,14.2,0.54,11.2
14.7,47.6,30.8,17.2,0.55,19.4
29.7,20.9,0.3,50.6,0.91,79.0
43.0,79.4,17.3,43.2,0.1,37.7
37.7,50.1,1.9,58.6,0.08,60.2
11.6,80.9,27.6,59.0,0.61,19.8
44.4,29.9,19.0,10.4,0.36,36.8
29.0,31.7,41.5,5.4,0.19,9.4
36.0,31.6,42.2,56.4,0.6,6.7
39.1,77.4,16.6,32.0,0.3,35.9
10.7,77.6,19.9,3.3,0.61,14.7
23.8,30.1,46.2,51.4,0.58,1.9
38.6,69.8,11.9,18.3,0.74,44.5
34.8,58.1,17.9,17.3,0.19,29.7
19.2,14.5,23.2,42.6,0.77,36.8
30.3,25.7,16.3,32.6,0.45,41.2
19.4,51.6,19.6,4.1,0.61,23.7
26.5,36.9,44.6,43.4,0.5,6.3
25.8,20.7,25.0,57.9,0.24,29.3
30.2,81.9,16.6,28.0,0.2,23.5
29.5,64.1,36.9,5.2,0.78,12.5
29.0,77.2,11.2,38.3,0.87,46.0
40.2,85.1,47.3,17.3,0.97,2.2
42.1,72.6,48.4,5.1,0.39,0.1
32.4,31.0,31.1,21.1,0.88,25.1
13.5,82.5,6.9,24.8,0.55,32.5
42.3,14.3,22.9,36.9,0.17,33.1
39.9,34.9,6.4,26.0,0.91,61.6
24.3,89.8,33.3,11.7,0.83,13.9
42.1,50.9,33.0,48.4,0.45,20.1
19.7,46.6,16.6,21.6,0.72,30.5
39.4,19.3,6.3,37.9,0.96,78.0
37.9,78.7,37.0,9.2,0.19,9.5
23.6,79.7,39.2,17.9,0.28,9.6
33.2,59.5,16.9,42.2,0.76,41.7
32.2,75.9,12.4,35.2,0.01,25.9
34.7,69.1,33.9,54.5,0.92,23.1
26.1,41.2,45.7,31.3,0.56,6.1
37.1,60.5,47.1,56.9,0.87,5.3
31.2,73.1,33.8,56.8,0.52,20.7
16.7,55.2,35.9,31.2,0.37,16.3
21.5,74.4,14.6,36.5,0.83,37.0
29.3,67.2,1.5,58.7,0.73,63.6
32.3,51.7,25.0,0.9,0.58,23.8
19.5,59.6,28.5,55.6,0.57,25.4
11.6,13.3,15.6,56.1,0.4,41.2
13.1,36.0,17.1,30.9,0.57,32.2
34.9,68.1,14.9,44.9,0.82,46.3
28.2,62.4,34.1,58.0,0.66,19.6
16.4,88.2,23.6,31.3,0.27,17.4
44.1,12.4,26.4,4.7,0.33,31.6
23.4,28.2,38.1,42.4,0.09,7.0
27.7,57.5,17.3,53.7,0.67,41.1
22.0,45.2,29.6,5.4,0.02,11.9
40.5,80.2,21.9,47.9,0.62,38.1
36.7,36.4,30.4,0.7,0.45,17.3
14.8,66.6,45.7,3.7,0.92,0.6
19.9,72.8,20.4,32.5,0.75,26.3
23.4,60.3,32.3,28.8,0.67,21.8
36.1,24.6,26.9,36.7,1.0,33.7
20.9,72.6,33.9,0.0,0.54,15.9
28.1,43.4,9.6,15.9,0.71,47.5
14.9,42.3,15.0,40.6,0.94,41.4
17.3,23.0,32.6,20.4,0.16,13.7
37.4,77.7,2.9,57.0,0.5,60.7
35.8,67.6,17.5,46.1,0.41,36.6
30.6,39.6,41.2,24.2,0.31,12.4
42.7,19.6,4.4,56.6,0.04,66.5
39.5,30.4,10.0,52.1,0.82,69.3
45.0,76.7,41.7,27.3,0.41,5.9
22.9,20.8,29.3,55.1,0.61,27.5
22.0,73.9,16.7,56.0,0.87,41.3
28.5,43.5,48.4,26.9,0.88,10.7
21.7,68.1,14.6,30.2,0.37,30.7
20.6,87.0,20.0,52.4,0.15,25.0
14.3,62.2,21.8,29.6,0.44,21.7
35.2,89.2,41.4,50.7,0.1,5.3
19.9,57.3,41.0,39.5,0.98,7.5
24.3,54.1,49.2,38.2,0.96,8.4
19.0,69.0,19.0,41.7,0.88,31.7
11.3,16.2,11.1,23.0,0.77,43.2
22.9,10.9,41.2,58.9,0.53,17.0
23.4,89.9,18.9,18.8,0.45,18.6
35.6,71.0,23.2,28.8,0.29,22.7
43.8,42.2,42.5,26.6,0.19,11.9
18.6,77.3,37.8,8.0,0.79,15.4
28.9,69.8,43.1,1.4,0.98,10.2
15.3,78.2,18.4,42.0,0.9,34.6
39.5,72.4,35.0,26.4,0.64,18.2
26.2,30.7,23.5,0.1,0.05,21.4
22.0,34.5,42.6,43.6,0.11,10.6
38.3,45.2,18.0,4.0,0.24,27.9
29.0,66.0,2.4,23.1,0.79,54.6
36.7,84.6,48.9,49.7,0.09,9.5
18.1,36.6,15.9,5.9,0.73,29.2
40.3,16.5,28.9,51.2,0.37,30.7
44.5,59.0,14.6,37.0,0.12,42.5
34.1,37.7,18.3,2.7,0.28,26.8
36.4,16.3,9.9,45.6,0.92,64.2
15.5,49.2,31.0,49.4,0.88,21.4
42.8,39.2,43.6,57.7,0.82,9.2
31.2,88.5,14.7,11.8,0.25,26.1
10.8,13.6,11.6,44.0,0.16,36.8
29.8,35.4,27.9,38.2,0.27,26.6
33.6,84.6,30.0,52.2,0.13,14.8
41.4,22.2,8.8,3.8,0.73,50.8
15.0,64.1,26.4,24.9,0.72,26.6
41.0,58.9,38.6,36.7,0.74,15.0
11.8,72.2,24.2,58.4,0.3,17.6
19.1,22.0,13.0,0.0,0.65,34.8
41.9,70.0,21.2,36.6,0.91,46.0
18.6,83.7,50.0,29.7,0.76,3.0
39.7,48.9,37.0,28.3,0.48,13.0
26.5,81.4,8.8,38.7,0.37,33.7
31.7,31.5,26.1,31.4,0.59,30.1
29.6,43.1,28.8,4.5,0.57,19.6
25.9,55.8,37.7,6.1,0.84,16.7
27.1,48.3,37.3,53.0,0.1,16.7
35.0,13.8,23.4,32.8,0.5,31.6
16.2,48.1,27.1,4.3,0.81,25.6
22.6,58.1,48.9,36.1,0.85,9.5
42.7,33.3,3.0,14.9,0.99,76.2
40.4,14.0,23.9,21.2,0.26,27.0
27.8,29.4,19.5,42.9,0.14,31.0
32.4,43.0,30.7,53.1,0.35,23.6
26.0,30.1,16.7,36.4,0.64,41.7
41.4,73.4,2.8,52.4,0.07,51.6
16.1,62.5,33.9,38.4,0.8,12.8
33.1,38.1,25.2,57.2,0.55,35.8
35.2,41.3,0.5,59.2,0.29,63.2
22.0,88.1,34.6,41.7,0.72,12.3
39.1,35.1,41.2,0.8,0.7,14.4
34.4,26.9,45.8,35.3,0.2,8.4
14.3,52.7,9.5,43.0,0.82,51.0
10.0,55.5,33.0,33.7,1.0,22.8
44.1,13.9,9.5,58.3,0.1,54.3
37.2,21.3,43.1,45.7,0.68,9.1
30.5,88.7,21.8,50.4,0.19,24.9
19.7,83.5,3.8,30.3,0.49,44.9
24.6,50.6,12.6,32.1,0.37,35.3
36.2,75.5,18.9,13.5,0.44,28.4
12.1,11.8,20.6,25.7,0.67,31.8
13.0,21.2,22.6,56.4,0.55,30.9
22.5,56.5,30.7,42.7,0.62,17.9
35.6,55.2,5.3,58.1,0.11,48.0
16.5,65.6,12.4,18.3,0.69,34.0
40.6,29.2,48.1,49.2,0.68,7.5
32.7,44.8,7.8,46.4,0.68,55.4
13.7,82.2,5.9,52.4,0.32,32.7
29.6,62.0,44.3,53.9,0.48,2.7
14.8,77.3,7.1,8.7,0.94,39.1
32.6,27.7,4.0,22.2,0.91,72.9
19.0,61.6,38.7,29.5,0.62,7.8
39.9,58.0,23.0,8.1,0.15,18.7
31.0,32.9,12.0,53.7,0.05,41.9
30.8,46.8,26.3,50.1,0.69,31.6
41.9,29.4,10.4,20.3,0.22,40.9
19.7,16.0,30.4,24.8,0.23,19.1
13.5,30.4,12.0,21.1,0.47,38.1
40.2,78.6,34.4,30.1,0.25,10.7
39.9,59.6,28.2,49.6,0.78,31.5
17.8,53.6,25.6,50.0,0.99,34.7
40.4,82.9,34.4,38.7,0.68,24.6
41.2,76.5,1.3,48.2,0.38,61.8
15.2,85.5,10.0,30.1,0.96,44.3
35.4,17.9,15.7,0.9,0.47,37.6
15.7,49.0,24.2,16.7,0.81,28.1
27.6,88.8,2.9,43.1,0.36,43.9
36.5,23.3,45.7,16.3,0.5,4.2
13.3,69.2,49.6,52.6,0.98,6.6
25.1,58.1,48.4,55.5,0.15,8.1
12.6,67.1,44.1,26.6,0.82,7.9
28.5,12.1,33.7,56.3,0.84,29.8
27.1,82.2,18.1,53.0,0.94,39.0
28.2,38.4,24.9,32.9,0.98,31.5
24.2,56.2,18.1,25.4,0.55,34.9
22.7,12.5,17.7,21.4,0.02,24.1
40.1,20.3,45.7,12.0,0.22,9.3
34.8,42.3,32.8,55.5,0.29,24.1
43.2,32.3,30.8,30.8,0.09,17.3
19.8,32.4,12.5,4.6,0.52,33.6
18.6,34.1,46.2,54.6,0.83,8.8
12.0,42.0,26.7,43.9,0.86,28.6
30.0,33.5,41.4,49.8,0.91,9.6
14.2,27.4,5.0,1.6,0.69,46.0
13.0,37.0,39.5,53.1,0.74,9.3
25.8,66.2,8.3,33.7,0.11,34.4
17.3,75.8,29.8,47.9,0.08,13.3
14.3,34.8,5.5,34.1,0.98,57.1
23.6,38.9,34.7,24.3,0.81,18.4
35.9,19.9,19.1,41.9,0.99,54.8
23.5,78.4,23.1,34.4,0.37,21.3
24.5,66.3,31.2,42.3,0.87,20.3
12.2,62.5,28.6,57.8,0.13,18.4
10.3,23.3,16.7,42.1,0.43,31.5
34.7,69.8,4.2,35.3,0.56,62.0
14.8,63.0,34.7,44.7,0.17,15.3
14.4,55.2,11.4,47.2,0.55,43.5
34.5,15.3,16.2,1.9,0.04,27.0
39.6,58.6,8.2,52.7,0.1,48.0
29.7,39.3,0.8,43.7,0.89,73.5
32.3,76.2,33.7,41.0,0.05,15.9
18.6,18.6,12.3,0.4,0.78,35.8
28.3,66.7,39.4,27.9,0.35,13.4
30.3,84.4,5.6,8.7,0.47,38.8
44.9,80.4,27.3,55.0,0.33,27.2
19.6,80.1,23.5,29.7,0.02,15.7
18.0,57.0,47.1,30.4,0.04,0.0
24.4,89.0,23.0,27.2,0.52,21.9
40.9,62.8,40.6,50.1,0.65,15.3
25.1,43.3,38.8,56.8,0.95,12.0
26.5,34.9,23.6,14.8,0.37,26.8
37.5,41.1,16.5,28.3,0.52,36.4
18.1,23.3,26.5,35.2,0.14,23.8
24.7,41.8,48.6,31.7,0.95,6.7
21.3,81.0,49.1,6.8,0.85,6.5
43.6,52.2,45.5,7.8,0.14,9.1
11.4,65.0,7.7,4.7,0.61,24.7
35.6,20.3,43.1,22.5,0.65,12.7
27.1,19.2,48.0,13.8,0.8,2.8
28.9,63.1,44.6,51.9,0.69,3.8
29.5,58.2,46.6,30.8,0.15,2.4
31.0,30.0,40.1,15.1,0.99,18.4
16.2,14.0,27.6,30.1,0.41,22.6
12.0,20.3,33.5,17.1,0.59,14.7
19.3,89.1,20.6,37.7,0.57,23.1
30.1,78.3,40.0,5.9,0.19,6.3
33.7,81.4,41.8,24.3,0.48,8.3
34.0,48.1,33.9,24.1,0.98,21.1
17.2,34.6,45.3,26.0,0.47,0.9
35.0,60.7,6.7,23.7,0.37,41.2
40.2,52.1,43.9,44.8,0.08,4.2
40.8,85.3,19.5,39.6,0.81,41.9
22.8,22.3,16.7,5.5,0.11,20.1
14.9,11.5,29.6,58.1,0.73,29.3
10.4,70.7,5.4,23.5,0.44,25.5
35.9,71.2,36.3,49.0,0.55,13.7
26.8,34.3,12.0,57.4,0.74,53.4
28.7,27.0,44.2,52.6,0.1,8.3
37.6,46.3,35.9,10.4,0.95,16.5
36.4,75.8,19.5,18.3,0.24,20.9
38.3,43.4,38.1,8.5,0.3,8.1
28.2,28.0,6.7,45.1,0.01,41.8
33.7,42.4,13.4,43.1,0.93,58.0
34.6,83.0,21.1,7.9,0.58,22.7
24.1,23.1,23.4,24.5,0.54,25.1
43.1,35.7,41.7,10.7,0.77,8.5
10.4,12.0,46.4,57.8,0.91,7.7
41.7,44.1,17.5,21.6,0.38,33.4
35.5,66.3,31.2,21.5,0.1,19.8
27.4,57.9,40.1,40.7,0.31,7.1
30.3,64.7,41.1,31.6,0.8,14.5
15.5,41.2,37.0,7.4,0.12,7.3
28.3,52.9,25.7,25.1,0.02,14.7
31.9,42.0,16.3,10.5,0.27,30.5
27.5,19.4,46.1,38.8,0.7,3.5
14.5,82.9,22.2,28.6,0.05,14.0
36.3,79.3,3.0,35.8,0.48,55.0
30.7,21.8,4.6,17.8,0.27,49.5
39.5,25.7,48.1,0.6,0.85,10.1
14.0,49.7,4.1,30.1,0.59,47.1
32.5,71.4,23.2,12.4,0.44,25.8
40.4,54.7,30.9,29.1,0.28,15.6
18.1,35.0,8.0,0.8,0.44,31.9
40.4,36.4,0.3,3.4,0.53,56.4
23.6,66.5,39.2,1.1,0.19,1.8
24.2,56.4,27.6,57.9,0.1,17.8
34.4,76.4,30.6,29.1,0.82,28.2
36.0,21.5,37.2,25.1,0.89,23.2
12.7,70.1,16.8,12.6,0.81,25.0
13.9,81.3,40.7,49.7,0.38,11.3
25.4,53.7,29.9,53.2,0.41,23.4
18.4,22.9,44.2,49.0,0.27,10.8
38.2,62.2,2.4,12.2,0.97,67.6
35.0,63.9,16.9,30.8,0.36,30.9
30.2,28.7,31.7,14.7,0.23,18.9
38.1,45.3,5.3,40.8,0.61,65.6
16.3,47.6,9.7,38.7,0.38,37.5
34.9,19.2,41.4,0.9,0.09,10.3
44.8,48.5,2.1,4.5,0.85,69.7
28.9,79.1,4.0,7.9,0.88,49.4
11.1,12.8,36.0,55.1,0.81,16.8
29.7,25.8,41.4,58.6,0.56,15.8
32.4,88.7,44.4,44.3,0.17,6.5
22.5,77.4,4.8,9.1,0.82,48.5
43.7,87.8,18.9,0.7,0.14,26.1
30.9,40.7,24.2,32.4,0.31,27.6
28.0,84.1,5.3,14.7,0.72,45.8
29.3,14.2,4.3,45.3,0.45,69.8
10.7,35.5,49.4,29.2,0.26,0.0
26.4,48.1,23.4,20.9,0.3,27.9
35.5,42.2,16.6,49.0,0.51,41.1
22.1,65.4,33.8,50.7,0.46,21.5
32.8,18.3,7.1,29.3,0.59,59.1
17.5,73.5,46.0,52.9,0.42,0.5
10.3,69.5,5.2,19.5,0.45,31.6
41.4,74.3,48.5,25.2,0.35,10.0
11.1,25.5,13.2,22.4,0.22,27.3
38.7,50.1,37.4,13.8,0.61,13.2
13.5,83.8,14.4,38.2,0.48,29.2
25.1,54.9,10.9,16.1,0.63,42.4
41.9,40.1,6.7,36.8,0.41,52.7
22.7,18.0,5.1,8.5,0.51,41.0
19.1,52.2,42.5,32.5,0.9,10.4
23.6,42.4,22.7,28.9,0.47,27.3
35.0,58.3,20.2,7.3,0.01,18.1
28.7,77.8,10.6,56.7,0.35,44.9
18.3,34.4,35.8,7.6,0.07,6.0
42.4,15.0,31.7,15.3,0.98,29.0
30.0,12.6,29.1,27.6,0.46,27.4
41.5,87.0,40.3,18.2,0.55,14.6
35.0,58.1,12.1,0.5,0.23,34.0
22.6,85.7,0.8,33.2,0.21,35.4
12.2,84.2,7.0,30.7,0.55,33.8
24.2,61.6,29.6,12.9,0.85,21.6
35.7,37.0,26.4,11.1,0.24,20.2
23.3,22.9,36.0,41.8,0.31,13.5
26.4,41.2,29.3,20.2,0.0,12.5
43.8,11.1,2.9,36.8,0.28,66.8
12.2,62.2,40.8,34.4,0.32,3.6
18.5,48.7,7.6,9.8,0.97,48.4
43.9,24.0,48.2,49.9,0.13,4.0
31.1,70.1,39.1,39.3,0.31,7.5
18.2,54.0,40.8,3.3,0.18,2.4
34.7,65.8,47.2,42.0,0.4,1.9
19.0,14.8,16.9,21.1,0.03,26.9
22.2,71.2,8.9,51.2,0.57,47.5
40.8,77.5,10.7,4.5,0.51,42.9
44.8,48.2,39.8,6.4,0.34,15.4
17.8,35.3,12.5,37.8,0.34,33.9
37.7,86.0,37.1,24.3,0.99,21.9
29.2,13.2,16.1,46.9,0.79,50.8
40.9,68.5,12.7,6.1,0.22,34.5
14.2,34.9,22.4,37.7,0.97,39.4
23.9,61.1,39.3,44.4,0.18,9.3
30.3,65.1,5.9,22.6,0.32,40.9
15.0,69.5,49.6,56.7,0.16,3.2
17.9,26.9,45.5,15.7,0.06,5.1
11.2,83.6,2.8,15.5,0.33,22.4
23.6,19.3,36.8,23.4,0.68,12.5
44.7,41.8,21.3,2.8,0.03,26.7
20.2,19.0,44.8,7.4,0.97,9.3
25.2,30.7,49.6,15.7,0.04,3.7
13.3,55.1,21.5,9.2,0.94,24.1
37.2,24.2,39.9,53.3,0.0,13.3
20.5,40.9,18.2,51.7,0.52,37.2
40.1,59.3,13.5,23.8,0.09,28.8
45.0,85.2,40.6,16.2,0.2,6.2
37.4,87.7,12.6,15.2,0.33,28.8
26.8,89.3,34.3,52.7,0.69,18.1
21.1,38.7,6.6,19.4,0.53,37.8
29.8,48.2,16.3,47.2,0.32,37.4
16.1,55.7,39.2,17.0,0.17,6.5
10.2,70.3,40.8,27.1,0.82,11.7
30.5,20.3,0.8,51.8,0.95,82.2
36.7,72.8,37.8,38.9,0.42,15.1
23.0,49.1,36.6,29.1,0.99,14.2
26.4,35.3,12.7,15.0,0.7,42.7
13.3,16.7,10.3,29.3,0.52,40.1
33.3,79.1,20.7,49.6,0.92,38.5
10.3,51.2,1.5,31.6,0.1,31.3
30.9,68.2,28.7,3.7,0.39,20.6
23.5,72.9,28.2,19.0,0.13,13.1
44.0,50.6,45.8,7.4,0.78,5.6
17.2,43.5,14.7,18.9,0.87,37.9
19.7,30.8,4.2,26.3,0.42,45.5
18.3,20.6,45.5,43.2,0.37,2.2
25.2,19.1,12.5,51.5,0.09,35.2
10.8,52.4,40.6,24.4,0.87,7.3
38.8,74.6,46.4,47.1,0.34,2.6
40.3,14.6,8.1,29.9,0.75,66.3
44.3,77.5,37.0,3.0,0.12,8.2
26.0,30.9,35.8,40.2,0.83,17.0
41.4,23.3,12.7,58.7,0.52,62.6
37.5,24.2,22.5,48.9,0.98,50.7
25.3,22.7,18.7,42.4,0.91,44.6
34.9,41.7,30.1,15.4,0.62,18.7
19.5,89.2,46.3,22.9,0.69,6.0
27.0,44.9,5.9,9.6,0.73,45.3
30.3,19.2,13.3,34.3,0.55,49.8
21.9,27.5,20.2,24.9,0.69,34.5
40.2,33.5,30.4,49.4,0.61,31.3
36.5,85.5,35.4,16.6,0.95,20.1
20.9,44.4,8.8,10.1,0.22,25.8
33.3,15.2,37.7,27.9,0.51,17.7
40.9,87.5,37.9,13.5,0.33,12.6
14.3,58.1,9.3,43.4,0.48,40.8
24.5,41.1,28.4,10.8,0.99,26.9
34.3,83.2,31.5,18.0,0.76,20.0
38.2,82.0,40.6,5.0,0.85,10.4
43.1,48.9,49.7,13.6,0.39,7.4
20.1,64.4,13.1,49.9,0.75,41.6
20.6,41.1,19.9,35.3,0.38,31.2
24.4,58.5,43.3,8.1,0.45,1.9
41.9,56.8,47.6,10.1,0.09,3.4
39.6,74.8,40.4,31.4,0.22,11.7
30.3,28.2,43.3,30.5,0.17,4.9
34.5,42.9,48.5,40.7,0.82,7.8
25.3,51.9,47.6,42.8,0.12,8.1
44.0,33.9,49.5,30.1,0.49,5.4
14.7,12.6,5.3,28.2,0.02,38.2
18.2,46.6,48.7,53.7,0.13,0.2
33.9,36.1,30.7,8.3,0.72,27.6
32.6,86.6,6.6,6.4,0.33,36.4
44.8,60.0,21.0,1.6,0.97,37.2
27.8,50.1,32.1,7.7,0.64,15.3
35.3,60.9,36.6,19.6,0.26,13.1
42.0,78.9,39.3,7.9,0.84,8.9
29.8,43.0,10.5,54.3,0.59,50.0
28.6,54.2,17.9,13.7,0.21,28.2
23.8,21.6,21.0,45.7,0.17,33.2
42.5,21.2,30.1,27.3,1.0,36.5
41.5,19.1,4.2,17.3,0.31,56.8
24.8,15.2,20.4,16.4,0.38,30.5
41.9,14.7,19.3,57.4,0.29,48.3
15.9,54.1,6.4,33.3,0.58,40.8
23.7,61.0,0.1,58.1,0.4,56.4
39.4,33.4,18.0,45.9,0.5,48.8
15.8,84.4,38.1,2.7,0.4,7.0
24.4,49.4,6.2,5.9,0.64,37.8
17.6,10.6,22.1,40.1,0.94,39.2
30.5,84.6,3.5,20.3,0.41,43.4
25.2,81.5,19.1,42.0,0.05,23.7
37.0,31.9,35.6,47.5,0.64,25.5
13.4,81.2,30.9,12.0,0.8,13.9
35.0,21.2,8.5,2.3,0.6,44.3
41.4,53.2,33.2,40.4,0.65,20.3
13.5,53.1,44.1,23.5,0.69,3.8
14.3,77.3,3.0,57.8,0.58,55.2
34.5,16.6,37.3,4.2,0.52,15.8
17.2,88.9,35.1,4.4,0.86,10.8
25.9,86.0,43.2,6.7,0.94,2.5
32.8,76.0,30.9,23.5,0.59,17.2
24.0,49.8,14.0,58.1,0.74,49.5
12.6,76.8,44.0,58.2,0.29,3.1
25.8,81.4,45.9,7.3,0.1,6.2
22.0,18.5,14.1,31.4,0.28,31.5
18.2,51.0,40.7,14.8,0.04,5.9
22.5,46.3,36.6,45.2,0.83,18.3
21.0,47.9,39.1,37.5,0.61,13.9
42.9,68.8,39.5,17.4,0.14,6.8
33.9,44.9,2.5,14.6,0.87,60.5
19.2,71.1,34.8,56.7,0.98,22.4
14.0,14.4,32.7,52.2,0.47,20.8
39.5,67.0,44.1,6.1,0.8,2.9
34.4,31.5,0.4,45.5,0.29,56.7
39.6,42.6,42.8,19.4,0.92,6.5
22.4,74.4,3.5,31.6,0.85,60.8
22.6,68.4,35.7,28.6,0.6,10.2
36.2,63.2,16.1,10.4,0.76,40.6
14.4,86.0,28.7,55.1,0.44,13.9
31.0,58.8,39.4,48.0,0.92,13.9
35.5,82.6,12.6,18.2,0.59,36.3
22.8,69.6,40.9,44.3,0.53,8.0
25.8,74.2,17.3,25.2,0.86,34.4
31.2,33.6,24.4,37.3,0.53,30.3
22.0,76.8,17.9,46.1,0.36,31.1
28.5,16.5,4.8,16.0,0.17,44.7
38.9,87.0,25.7,38.8,0.57,31.7
16.1,23.5,2.1,46.8,0.17,43.3
25.5,73.3,16.8,22.0,0.01,18.8
16.5,28.4,33.5,20.6,0.97,20.8
22.1,65.8,36.2,27.5,0.74,12.1
23.7,69.5,37.2,27.5,0.12,12.6
14.6,71.8,24.7,56.9,0.8,33.4
26.1,48.4,26.8,52.4,0.2,23.4
16.5,60.0,8.8,5.1,0.25,26.5
38.1,27.0,39.6,40.5,0.09,12.8
24.1,62.3,10.1,10.9,0.73,40.4
12.9,63.5,17.6,42.3,0.84,34.3
28.7,83.3,3.4,48.9,0.75,60.0
43.8,25.2,44.6,58.1,0.73,11.9
20.3,89.5,29.8,26.5,0.08,8.4
32.3,59.2,15.9,14.5,0.94,38.9
39.3,29.5,2.0,8.0,0.31,52.8
13.1,70.9,24.1,33.6,0.52,24.7
14.5,24.5,8.4,12.7,0.36,37.2
26.6,31.3,1.0,30.9,0.82,66.6
35.8,79.2,25.5,1.2,0.26,15.2
38.1,11.3,39.4,38.3,0.82,21.2
43.0,85.2,20.2,42.6,0.77,44.1
27.8,59.7,13.3,23.4,0.67,35.2
13.5,42.6,49.4,29.7,0.86,9.9
34.7,84.3,20.4,26.9,1.0,35.6
38.0,42.4,49.2,50.6,0.73,12.2
28.9,58.1,38.5,0.9,0.36,13.4
21.3,48.2,36.5,53.7,0.5,17.2
24.3,25.7,26.5,38.3,0.54,25.9
42.5,28.1,30.1,2.9,0.51,23.7
36.9,61.4,5.7,30.9,0.65,50.8
41.5,72.7,40.8,42.7,0.19,14.3
34.8,67.1,9.8,9.8,0.35,33.6
41.0,59.9,32.1,38.6,0.76,28.9
25.7,86.1,28.3,5.9,0.84,24.8
29.6,77.7,3.8,19.4,0.73,54.4
34.9,75.6,24.6,17.5,0.86,33.3
28.4,79.0,14.3,30.6,0.96,48.5
30.6,70.9,10.8,19.0,0.06,22.0
15.2,41.0,28.7,59.6,0.98,32.2
17.8,27.0,32.5,7.6,0.29,16.7
29.8,22.1,44.2,28.2,0.54,10.5
27.8,39.6,12.7,14.1,0.25,30.2
34.3,50.7,9.9,17.7,0.32,36.7
29.2,21.2,21.3,13.0,0.12,24.8
27.6,15.3,0.0,17.4,0.86,70.6
18.7,43.9,2.4,8.6,0.21,28.3
12.3,45.0,3.2,1.5,0.19,20.7
40.5,70.8,12.1,47.8,0.11,35.6
36.7,37.6,19.8,44.1,0.56,39.8
12.0,82.0,49.8,9.5,0.4,4.7
32.8,25.3,31.8,49.3,0.69,31.0
41.0,67.8,3.5,16.0,0.89,67.0
20.9,80.3,13.3,22.7,0.23,23.1
41.5,21.1,38.3,1.0,0.34,9.6
20.6,24.3,11.4,14.9,0.68,46.8
35.5,41.3,19.5,31.0,0.96,44.3
36.2,11.8,28.9,3.0,0.49,25.4
25.5,69.3,27.7,22.8,0.46,16.4
24.3,47.7,24.1,53.6,0.38,27.4
12.4,55.5,21.6,23.0,0.7,30.4
15.9,69.6,12.7,46.1,0.62,41.8
15.8,57.2,49.8,35.6,0.66,9.3
40.4,11.2,2.1,29.0,0.29,67.7
18.3,21.6,27.8,47.1,0.87,35.4
12.9,87.6,25.5,11.5,0.96,19.9
20.2,86.1,49.2,47.2,0.46,1.5
20.9,19.1,28.1,40.3,0.1,22.3
17.3,39.5,42.5,1.0,0.14,7.1
31.1,82.4,25.4,53.8,0.62,27.4
34.7,47.3,41.0,51.4,0.51,8.2
42.5,47.7,20.0,31.0,0.35,40.0
30.2,80.8,38.0,16.4,0.94,12.9
28.3,77.0,24.6,34.3,0.37,26.7
15.1,47.3,30.6,0.1,0.6,14.5
25.0,30.3,44.0,56.0,0.9,5.6
40.5,48.2,11.2,3.3,0.94,49.5
27.8,32.5,35.4,5.8,0.31,14.7
42.6,79.6,45.6,57.1,0.16,4.7
17.8,18.2,45.8,51.0,0.63,8.9
25.9,38.8,30.9,56.1,0.64,21.0
42.5,65.0,18.4,11.1,0.1,25.7
32.8,82.3,36.2,33.6,0.46,12.3
37.4,29.6,47.1,55.3,0.62,3.8
17.4,47.9,15.3,53.1,0.66,43.1
36.1,36.9,45.3,23.9,0.09,7.0
31.8,57.8,30.0,55.5,0.88,29.6
16.4,57.8,37.8,22.5,0.95,17.8
20.4,12.8,1.2,35.4,0.19,53.4
31.3,45.5,10.0,0.6,0.09,32.6
27.5,73.1,41.1,25.7,0.91,6.8
11.3,59.4,7.7,16.6,0.12,25.6
28.1,41.4,23.9,44.5,0.73,36.1
19.6,57.4,3.6,49.5,0.32,43.3
30.3,48.6,21.7,27.6,0.0,20.7
32.9,62.4,43.7,47.2,0.64,5.8
35.7,11.1,11.9,53.7,0.28,48.2
28.4,21.1,37.0,48.2,0.6,20.2
11.8,33.4,0.9,49.0,0.31,50.0
17.3,59.2,17.8,40.2,0.22,25.4
11.7,84.9,29.2,57.9,0.84,22.9
36.1,37.4,13.7,37.2,0.36,46.8
30.1,23.6,45.8,39.4,0.04,9.8
36.1,36.9,25.6,46.8,0.91,36.3
19.6,10.5,6.8,33.5,0.67,58.4
37.2,60.9,4.6,54.5,0.59,63.6
39.8,14.4,31.7,16.2,0.73,29.0
13.3,37.9,11.6,20.2,0.2,27.6
41.1,75.1,23.1,58.0,0.36,32.3
43.6,44.1,44.0,46.5,0.83,13.7
38.2,78.6,41.1,27.3,0.88,11.7
28.8,56.9,9.1,59.0,0.29,42.3
18.1,36.2,47.3,8.3,0.26,0.8
43.4,21.7,30.9,2.0,0.3,22.3
40.8,57.9,23.0,15.7,0.32,26.9
21.3,77.0,33.3,12.8,0.84,19.5
24.6,54.8,20.8,20.5,0.72,35.1
14.3,49.7,18.2,47.0,0.4,28.5
22.3,49.2,14.2,21.8,0.71,38.6
29.9,73.7,42.3,14.2,0.93,12.2
14.6,33.7,28.3,16.1,0.18,18.2
43.2,87.3,12.7,57.8,0.32,49.1
41.3,57.1,7.2,27.9,0.4,50.3
26.0,65.8,48.5,53.1,0.68,5.4
18.9,72.5,18.1,35.6,0.76,33.9
12.1,61.2,38.4,58.9,0.27,13.3
12.3,33.8,3.5,50.9,0.22,40.2
32.7,47.5,8.5,31.3,0.56,53.1
28.2,25.8,11.2,27.9,0.83,55.0
30.4,15.2,47.1,50.0,0.01,8.3
35.1,63.2,1.7,49.7,0.79,71.4
37.1,13.3,43.4,57.1,0.4,14.5
21.5,27.1,22.2,37.5,0.56,33.9
43.7,18.3,23.1,52.2,0.21,35.5
26.9,61.1,28.1,24.6,0.36,19.0
11.7,53.1,20.1,47.1,0.66,27.3
33.7,22.8,18.5,48.2,0.89,46.6
16.8,82.5,42.7,39.9,0.72,8.0
34.7,58.7,45.1,43.1,0.79,4.9
39.9,68.4,29.1,5.7,0.22,21.4
27.7,47.0,12.1,54.4,0.73,52.4
38.6,84.9,40.2,35.6,0.66,7.0
25.0,89.9,10.6,1.3,0.07,13.4
32.4,23.0,4.1,13.8,0.8,61.4
26.0,56.8,42.5,35.8,0.32,9.9
23.7,31.8,5.3,30.6,0.66,54.9
40.8,47.4,38.6,14.5,0.86,18.6
38.3,40.4,28.3,35.3,0.28,23.1
19.6,30.0,33.7,37.4,0.24,12.5
25.6,49.6,31.7,8.5,0.06,13.6
42.5,43.7,23.2,9.1,0.8,37.1
29.0,76.7,26.3,56.0,0.65,27.2
38.3,78.5,5.6,13.7,0.72,53.5
33.1,48.2,37.6,29.8,0.26,14.5
28.1,15.5,34.2,4.5,0.67,15.2
32.8,29.3,7.1,8.2,0.03,37.4
12.8,30.1,22.4,23.9,0.12,16.2
11.3,43.0,32.5,58.3,0.6,19.7
17.1,75.1,46.8,11.5,0.47,4.9
25.6,26.3,4.9,45.4,0.55,66.7
40.8,21.9,47.3,11.8,0.2,1.1
35.2,80.6,46.8,30.0,0.44,3.7
42.4,68.7,11.2,45.6,0.09,43.8
24.9,84.1,2.9,12.3,0.77,46.9
31.3,33.3,25.6,5.3,0.39,20.2
16.6,74.9,47.2,10.7,0.25,0.3
13.1,82.4,25.6,27.1,0.67,20.0
20.0,43.8,3.1,29.8,0.96,65.2
33.5,39.4,10.9,11.8,0.88,49.2
41.2,75.2,15.6,22.8,0.91,45.8
21.8,10.7,25.3,45.2,0.47,27.9
11.4,25.1,18.5,22.7,0.84,35.0
20.8,45.7,12.9,32.2,0.32,30.5
44.2,57.1,40.5,28.5,0.26,11.3
18.1,87.3,39.7,42.9,0.81,10.8
35.6,61.3,34.7,34.3,0.52,19.8
21.9,63.6,4.9,19.9,0.63,43.2
35.3,46.9,2.2,11.6,0.58,50.7
16.8,71.5,22.1,7.4,0.6,25.7
22.3,85.0,39.7,22.2,0.91,9.0
34.8,81.2,22.4,45.8,0.25,27.7
31.2,75.8,42.5,25.3,0.02,5.1
17.7,14.9,11.5,13.2,0.01,20.8
41.0,25.6,43.8,54.9,0.57,7.5
38.5,28.2,47.6,30.4,0.92,6.8
40.2,14.4,27.0,27.6,0.14,27.5
30.4,42.4,31.0,43.1,0.01,16.0
14.8,44.0,47.4,26.6,0.0,0.8
44.9,45.5,3.6,36.8,0.65,67.8
40.6,87.7,33.1,53.4,0.26,22.4
29.0,30.1,37.1,48.0,0.14,15.6
41.0,22.4,34.8,27.9,0.4,16.5
24.0,11.2,18.2,41.7,0.98,52.6
